5940,Ultrapassar pela contramão nosviadutos,"203, Ili",Condutor,Gravíssima,MUNICIPAL/RODOV
5940,Ultrapassar pela contramão nos túneis,"203, Ili",Condutor,Gravíssima,MUNICIPAL/RODOV
5959,Ultrapassar pela contramão veículoparado em fila junto sinal luminoso,"203, IV",Condutor,Gravíssima,MUNICIPAL/RODOV
5959,Ultrapassar pela contramão veículo parado em fila junto a cancela/porteira,"203, IV",Condutor,Gravíssima,MUNICIPAL/RODOV
5959,Ultrapassar pela contramão veículoparado em fila junto a cruzamento,"203, IV",Condutor,Gravíssima,MUNICIPAL/RODOV
5959,Ultrapassar pela contramão veíc parado em fila junto qq impedimento àcirculação,"203, IV",Condutor,Gravíssima,MUNICIPAL/RODOV
5967,"Ultrapassar pela contramão linha de divisão de fluxos opostos, contínuaamarela","203,V",Condutor,Gravíssima,MUNICIPAL/RODOV
5975,"Deixar de parar no acostamento àdireita, p/ cruzar pista ou entrar àesquerda",204,Condutor,Grave,MUNICIPAL/RODOV
5983,Ultrapassar veículo em movimento queintegre cortejo/desfile/formação militar,205,Condutor,Leve,MUNICIPAL/RODOV
5991,Executar operação de retorno em locaisproibidos pela sinalização,"206, 1",Condutor,Gravíssima,MUNICIPAL/RODOV
6009,Executar operação de retorno nas curvas,"206, li",Condutor,Gravíssima,MUNICIPAL/RODOV
6009,Executar operação de retorno nosaclives ou declives,"206, li",Condutor,Gravíssima,MUNICIPAL/RODOV
6009,Executar operação de retorno naspontes,"206, li",Condutor,Gravíssima,MUNICIPAL/RODOV
6009,Executar operação de retorno nosviadutos,"206, li",Condutor,Gravíssima,MUNICIPAL/RODOV
6009,Executar operação de retorno nostúneis,"206, li",Condutor,Gravíssima,MUNICIPAL/RODOV
6017,"Executar operação de retorno passandopor cima de calçada, passeio","206, Ili",Condutor,Gravíssima,MUNICIPAL/RODOV
6017,"Executar operação de retorno passandopor cima de ilha, refúgio","206, Ili",Condutor,Gravíssima,MUNICIPAL/RODOV
6017,Executar operação de retorno passando por cima de ajardinamento,"206, Ili",Condutor,Gravíssima,MUNICIPAL/RODOV
6017,Executar operação de retorno passandopor cima de canteiro de divisor de pista,"206, Ili",Condutor,Gravíssima,MUNICIPAL/RODOV
6017,Executar operação de retorno passandopor cima de faixa de pedestres,"206, Ili",Condutor,Gravíssima,MUNICIPAL/RODOV
6017,Executar operação de retorno passando por cima de faixa de veíc nãomotorizados,"206, Ili",Condutor,Gravíssima,MUNICIPAL/RODOV
6025,"Executar retorno nas interseções,entrando na contramão da via transversal","206, IV",Condutor,Gravíssima,MUNICIPAL/RODOV
6033,Executar retorno e/prejuízo dacirculação/segurança ainda que em local permitido,"206,V",Condutor,Gravíssima,MUNICIPAL/RODOV
6041,Executar operação de conversão àdireita em local proibido pela sinalização,207,Condutor,Grave,MUNICIPAL/RODOV
6041,Executar operação de conversão à esquerda em local proibido pela sinalização,207,Condutor,Grave,MUNICIPAL/RODOV
6882,Transitar com o veículo excedendo aCMT em até 600 kg,"231,X",Proprietário,Média,MUNICIPAL/RODOV
6890,Transitar com o veículo excedendo aCMT entre 601 e 1.000 kg,"231,X",Proprietário,Grave,MUNICIPAL/RODOV
6904,Transitar com o veículo excedendo a CMT acima de 1.000 kg,"231,X",Proprietário,Gravíssima,MUNICIPAL/RODOV
6912,Conduzir veículo sem os documentos deporte obrigatório referidos no CTB,232,Condutor,Leve,ESTADUAL/RODOV
6920,"Deixar de efetuar registro do veículo em30 dias, qdo for transf a propriedade","233 e/e123, 1",Proprietário,Média,ESTADUAL
6920,"Deixar de efetuar reg do veíc em 30dias, qdo mudar o munie de domicílio/resid","233 e/e123, li",Proprietário,Média,ESTADUAL
6920,"Deixar de efetuar reg deveíc em 30dias, qdo for alterada qquer caract do veíc","233 e/e123, Ili",Proprietário,Média,ESTADUAL
6920,"Deixar de efetuar registro de veículo em 30 dias, qdo houver mudança decategoria","233 e/e123, IV",Proprietário,Média,ESTADUAL
6939,Falsificar ou adulterar documento dehabilitação,234,Condutor,Gravíssima,ESTADUAL/RODOV
6939,Falsificar ou adulterar documento deidentificação do veículo,234,Condutor,Gravíssima,ESTADUAL/RODOV
6947,Conduzir pessoas nas partes externas do veículo,235,Condutor,Grave,MUNICIPAL/RODOV
6947,Conduzir animais nas partes externas doveículo,235,Condutor,Grave,MUNICIPAL/RODOV
6947,Conduzir carga nas partes externas doveículo,235,Condutor,Grave,MUNICIPAL/RODOV
6955,Rebocar outro veículo com cabo flexívelou corda,236,Condutor,Média,MUNICIPAL/RODOV
6963,Trans c/veíc desac e/especificação/faltade inser/simbologia necessária identif,237,Proprietário,Grave,ESTADUAL/RODOV
6971,Recusar-se a entregar CNH/CRV/CRLV/ outros documentos,238,Condutor,Gravíssima,ESTADUAL/RODOV
6980,"Retirar do local veículo legalmente retido para regularização, sempermissão",239,Condutor,Gravíssima,ESTAD/MUNIC/RODOV
6998,Deixar responsável de promover baixaregistro de veíc irrecuperável/desmontado,240,Proprietário,Grave,ESTADUAL
7005,Deixar de atualizar o cadastro deregistro do veículo,241,Proprietário,Leve,ESTADUAL
7005,Deixar de atualizar o cadastro dehabilitação do condutor,241,Condutor,Leve,ESTADUAL
7013,Fazer falsa declaração de domicílio para fins de registro/licenciamento,242,Proprietário,Gravíssima,ESTADUAL
7013,Fazer falsa declaração de domicílio para fins de habilitação,242,Condutor,Gravíssima,ESTADUAL
7021,Deixar seguradora de comunicarocorrência perda total veíc e devolver placas/doe,243,P Jurídica,Grave,ESTADUAL
7030,"Conduzir motocicleta, motoneta ouciclomotor sem capacete de segurança","244, 1",Condutor,Gravíssima,ESTAD/MUNIC/RODOV
7030,"Conduzir motocicleta, motoneta ouciclomotor sem vestuário de acordo com normas apr pelo Contran","244, 1",Condutor,Gravíssima,ESTAD/MUNIC/RODOV
6742,Conduzir o veículo sem portar aautorização para condução de escolares,"230,XX",Proprietário,Gravíssima,ESTADUAL/RODOV
6750,Conduzir o veíc de carga c/ falta inscrição da tara e demais previstas noCTB,"230, XXI",Proprietário,Média,ESTADUAL/RODOV
6769,"Conduzir veíc c/ defeito no sist deiluminação, sinalizou lâmpadas queimadas","230,XXII",Proprietário,Média,ESTADUAL/RODOV
7560,Conduzir veíc de transp passag ou carga em desacordo c/ as cond do art 67-CCTB,"230, XXIII",Condutor,Média,MUNICIPAL/RODOV
6777,"Transitar com o veículo danificando a via, suas instalações e equipamentos","231, 1",Condutor,Gravíssima,MUNICIPAL/RODOV
6785,Transitar com veículo derramando acarga que esteja transportando,"231, 11, a",Condutor,Gravíssima,MUNICIPAL/RODOV
6785,Transitar com veículo lançando a cargaque esteja transportando,"231, li, a",Condutor,Gravíssima,MUNICIPAL/RODOV
6785,Transitar com veículo arrastando acarga que esteja transportando,"231, 11, a",Condutor,Gravíssima,MUNICIPAL/RODOV
6793,Transitar com veícderramando/lançando combustível/lubrif que esteja utilizando,"231, li, b",Condutor,Gravíssima,MUNICIPAL/RODOV
6807,Transitar c/veícderraman/I ançando/arrastando objeto possa acarretar risco acid,"231, li, c",Condutor,Gravíssima,MUNICIPAL/RODOV
6815,"Transitar com veículo produzindofumaça, gases ou partículas em desac c/ Contran","231, Ili",Proprietário,Grave,MUNICIPAL/RODOV
6823,Transitar c/ veíc e/ou carga c/ dimensões superiores limite legal s/ autorização,"231, IV",Proprietário,Grave,MUNICIPAL/RODOV
6823,Transitar c/ veíc e/ou carga c/dimensões superiores est p/sinalização s/autoriz,"231, IV",Condutor,Grave,MUNICIPAL/RODOV
6831,Transitar com o veículo com excesso depeso PBT/PBTC,"231, V",Emb/Transp,Média,MUNICIPAL/RODOV
6831,Transitar com o veículo com excesso depeso - Por Eixo,"231, V",Emb/Transp,Média,MUNICIPAL/RODOV
6831,Transitar com o veículo com excesso depeso - PBT/PBTC e Por Eixo,"231, V",Emb/Transp,Média,MUNICIPAL/RODOV
6840,Transitar em desacordo c/ autorização expedida p/veículo c/ dimensõesexcedentes,"231, VI",Proprietário,Grave,MUNICIPAL/RODOV
6840,"Transitar com autorização vencida,expedida p/ veículo c/ dimensões excedentes","231, VI",Proprietário,Grave,MUNICIPAL/RODOV
6858,Transitar com o veículo com lotaçãoexcedente,"231, VII",Condutor,Gravíssima,ESTAD/MUNIC/RODOV
6866,Transitar efetuando transporte remunerado de pessoas qdo filicenciado p/esse fim,"231, VIII",Proprietário,Gravíssima,ESTAD/MUNIC/RODOV
6866,Transitar efetuando transporte remunerado de bens qdo não licenciadop/ esse fim,"231, VIII",Proprietário,Gravíssima,ESTAD/MUNIC/RODOV
6874,Transitar com o veículo desligado emdeclive,"231, IX",Condutor,Média,MUNICIPAL/RODOV
6874,Transitar com o veículo desengrenadoem declive,"231, IX",Condutor,Média,MUNICIPAL/RODOV
6564,Conduzir o veículo transportandopassageiros em compartimento de carga,"230, li",Condutor,Gravíssima,MUNICIPAL/RODOV
6572,Conduzir o veículo com dispositivoantirradar,"230, Ili",Proprietário,Gravíssima,ESTADUAL/RODOV
6580,Conduzir o veículo sem qualquer umadas placas de identificação,"230, IV",Proprietário,Gravíssima,ESTADUAL/RODOV
6599,Conduzir o veículo que não estejaregistrado,"230, V",Proprietário,Gravíssima,ESTADUAL/RODOV
6599,Conduzir o veículo registrado que não esteja devidamente licenciado,"230, V",Proprietário,Gravíssima,ESTADUAL/RODOV
6602,Conduzir o veículo com qualquer uma das placas sem legibilidade evisibilidade,"230, VI",Proprietário,Gravíssima,ESTADUAL/RODOV
6610,Conduzir o veículo com a cor alterada,"230, VII",Proprietário,Grave,ESTADUAL/RODOV
6610,Conduzir o veículo com característicaalterada,"230, VII",Proprietário,Grave,ESTADUAL/RODOV
6629,"Conduzir veículos/ ter sido submetido àinspeção seg veicular, qdo obrigatória","230, VIII",Proprietário,Grave,ESTADUAL/RODOV
6637,Conduzir o veículo sem equipamento obrigatório,"230, IX",Proprietário,Grave,ESTADUAL/RODOV
6637,Conduzir o veículo com equipamentoobrigatório ineficiente/inoperante,"230, IX",Proprietário,Grave,ESTADUAL/RODOV
6645,Conduzir o veículo com equipobrigatório em desacordo com o estab pelo Contran,"230,X",Proprietário,Grave,ESTADUAL/RODOV
6653,Conduzir o veículo com descarga livre,"230, XI",Proprietário,Grave,ESTADUAL/RODOV
6653,Conduzir o veículo com silenciador de motor defeituoso/deficiente/inoperante,"230, XI",Proprietário,Grave,ESTADUAL/RODOV
6661,Conduzir o veículo com equipamento ouacessório proibido,"230, XII",Proprietário,Grave,ESTADUAL/RODOV
6670,Conduzir o veículo e/ equip do sistema de iluminação e de sinalizaçãoalterados,"230, XIII",Proprietário,Grave,ESTADUAL/RODOV
6688,Conduzir veíc e/ registrador instan inalt de velocidade/tempoviciado/defeituoso,"230, XIV",Proprietário,Grave,ESTADUAL/RODOV
6696,Conduzir e/inser/adesivo/legenda/símbolo afixado para-brisa e extensão traseira,"230,XV",Proprietário,Grave,ESTADUAL/RODOV
6696,Conduzir e/ inser/adesivo/legenda/símbolo pintadopara-brisa e extensão traseira,"230,XV",Proprietário,Grave,ESTADUAL/RODOV
6700,"Conduzir veíc com vidrototal/parcialmente coberto por película, painéis/pintura","230, XVI",Proprietário,Grave,ESTADUAL/RODOV
6718,Conduzir o veículo com cortinas oupersianas fechadas,"230, XVII",Proprietário,Grave,ESTADUAL/RODOV
6726,"Conduzir o veículo em mau estado deconservação, comprometendo a segurança","230, XVIII",Proprietário,Grave,ESTADUAL/RODOV
6726,Conduzir o veículo reprovado na avaliação de inspeção de segurança,"230, XVIII",Proprietário,Grave,ESTADUAL/RODOV
6726,Conduzir o veículo reprovado na avaliação de emissão de poluentes e ruído,"230, XVIII",Proprietário,Grave,ESTADUAL/RODOV
6734,Conduzir o veículo sem acionar olimpador de para-brisa sob chuva,"230, XIX",Condutor,Grave,ESTADUAL/RODOV
6394,Deixar de reduzir veloc na próximestação embarque/desembarque passageiros,"220, XIV",Condutor,Gravíssima,MUNICIPAL/RODOV
6394,Deixar de reduzir veloc onde hajaintensa movimentação de pedestres,"220, XIV",Condutor,Gravíssima,MUNICIPAL/RODOV
6408,Portar no veículo placas de identificaçãoem desacordo c/ especif/modelo Contran,221,Proprietário,Média,ESTADUAL/RODOV
6416,Confec/distribuir/colocar veíc próprio/terceiro placa identif desacordoContran,"221,§único",PF ou PJ,Média,ESTADUAL/RODOV
6424,Deixar de manter ligado em emerg sistilum vermelha intermitente ainda q parado,222,Condutor,Média,MUNICIPAL/RODOV
6432,Transitar com farol desreguladoperturbando visão outro condutor,223,Condutor,Grave,ESTADUAL/RODOV
6432,Transitar com o facho de luz altaperturbando visão outro condutor,223,Condutor,Grave,ESTADUAL/RODOV
6440,Fazer uso do facho de luz alta dos faróisem vias providas de iluminação pública,224,Condutor,Leve,MUNICIPAL/RODOV
6459,Deixar de sinalizar via p/ tornar visívellocal qdo tiver remover veíc da pista,"225, 1",Condutor,Grave,MUNICIPAL/RODOV
6459,Deixar de sinalizar a via p/ tornar visívelo local qdo permanecer acostamento,"225, 1",Condutor,Grave,MUNICIPAL/RODOV
6467,Deixar de sinalizar a via p/ tornar visívelo local qdo a carga for derramada,"225, li",Condutor,Grave,MUNICIPAL/RODOV
6475,Deixar de retirar qualquer objetoutilizado para sinalização temporária da via,226,Condutor,Média,MUNICIPAL/RODOV
6483,Usar buzina que não a de toque breve como advertência a pedestre oucondutores,"227, 1",Condutor,Leve,MUNICIPAL/RODOV
6491,Usar buzina prolongada e sucessivamente a qualquer pretexto,"227, li",Condutor,Leve,MUNICIPAL/RODOV
6505,Usar buzina entre as vinte e duas e asseis horas,"227, Ili",Condutor,Leve,MUNICIPAL/RODOV
6513,Usar buzina em locais e horáriosproibidos pela sinalização,"227, IV",Condutor,Leve,MUNICIPAL/RODOV
6521,Usar buzina em desacordo c/ os padrões e frequências estabelecidaspelo Contran,"227,V",Proprietário,Leve,MUNICIPAL/RODOV
6530,Usar no veículo equip c/ som emvolume/frequência não autorizados pelo Contran,228,Condutor,Grave,MUNICIPAL/RODOV
6548,Usar no veíc alarme/aparelho produz som perturbe sossego púb desac normaContran,229,Condutor,Média,ESTADUAL/RODOV
6556,Conduzir o veículo com o lacre deidentificação violado/falsificado,"230, 1",Proprietário,Gravíssima,ESTADUAL/RODOV
6556,Conduzir o veículo com a inscrição do chassi violada/ta lsificada,"230, 1",Proprietário,Gravíssima,ESTADUAL/RODOV
6556,Conduzir o veículo com o selo vioiado/falsificado,"230, 1",Proprietário,Gravíssima,ESTADUAL/RODOV
6556,Conduzir o veículo com a placaviolada/falsificada,"230, 1",Proprietário,Gravíssima,ESTADUAL/RODOV
6556,Conduzir o veículo com qualquer outroelem de identificação vioiado/falsificado,"230, 1",Proprietário,Gravíssima,ESTADUAL/RODOV
6181,Deixar de dar preferência nasinterseções com sinalização de Dê a Preferência,"215, li",Condutor,Grave,MUNICIPAL/RODOV
6190,Entrar/sair área lindeira sem precaução com a segurança de pedestres eveículos,216,Condutor,Média,MUNICIPAL/RODOV
6203,Entrar/sair de fila de veículosestacionados sem dar pref a pedestres/veículos,217,Condutor,Média,MUNICIPAL/RODOV
7455,Transitar em velocidade superior àmáxima permitida em até 20%,"218, 1",Condutor,Média,MUNICIPAL/RODOV
7463,Transitar em velocidade superior àmáxima permitida em mais de 20% até 50%,"218, li",Condutor,Grave,MUNICIPAL/RODOV
7471,Transitar em velocidade superior àmáxima permitida em mais de 50%,"218, Ili",Condutor,Gravíssima,MUNICIPAL/RODOV
6254,"Transitar em velocidade inferior àmetade da máxima da via, salvo faixa direita",219,Condutor,Média,MUNICIPAL/RODOV
6262,Deixar de reduzir a veloc qdo se aproximar depasseata/aglomeração/desfile/etc,"220, 1",Condutor,Gravíssima,MUNICIPAL/RODOV
6270,Deixar de reduzir a veloc onde o trânsito esteja sendo controlado peloagente,"220, li",Condutor,Grave,MUNICIPAL/RODOV
6289,Deixar de reduzir a velocidade do veículo ao aproximar-se da guia da calçada,"220,111",Condutor,Grave,MUNICIPAL/RODOV
6289,Deixar de reduzir a velocidade doveículo ao aproximar-se do acostamento,"220, Ili",Condutor,Grave,MUNICIPAL/RODOV
6297,Deixar de reduzir velocidade do veículo ao aproximar-se interseção fí sinalizada,"220, IV",Condutor,Grave,MUNICIPAL/RODOV
6300,Deixar reduzir velocidade nas vias rurais cuja faixa domínio não esteja cercada,"220,V",Condutor,Grave,MUNICIPAL/RODOV
6319,Deixar de reduzir a velocidade nostrechos em curva de pequeno raio,"220, VI",Condutor,Grave,MUNICIPAL/RODOV
6327,Deixar de reduzir veloc ao aproximarlocal sinaliz advert de obras/trabalhadores,"220, VII",Condutor,Grave,MUNICIPAL/RODOV
6335,Deixar de reduzir a velocidade sobchuva/neblina/cerração/ventos fortes,"220, VIII",Condutor,Grave,MUNICIPAL/RODOV
6343,Deixar de reduzir a velocidade quandohouver má visibilidade,"220, IX",Condutor,Grave,MUNICIPAL/RODOV
6351,Deixar de reduzir veloc qdo pavimentose apresentar escorreg/defeituoso/avariado,"220,X",Condutor,Grave,MUNICIPAL/RODOV
6360,Deixar de reduzir a velocidade àaproximação de animais na pista,"220, XI",Condutor,Grave,MUNICIPAL/RODOV
6378,"Deixar de reduzir a velocidade de forma compatível com a segurança, emdeclive","220, XII",Condutor,Grave,MUNICIPAL/RODOV
6386,Deixar de reduzir veloc de forma compatível c/ segurança ao ultrapassarciclista,"220, XIII",Condutor,Gravíssima,MUNICIPAL/RODOV
6394,Deixar de reduzir a velocidade nasproximidades de escolas,"220, XIV",Condutor,Gravíssima,MUNICIPAL/RODOV
6394,Deixar de reduzir a velocidade nasproximidades de hospitais,"220, XIV",Condutor,Gravíssima,MUNICIPAL/RODOV
6050,"Avançar o sinal vermelho do semáforo,exc onde houver sinaliz que perm livre conv à direita",208,Condutor,Gravíssima,MUNICIPAL/RODOV
6050,Avançar o sinal de parada obrigatória,208,Condutor,Gravíssima,MUNICIPAL/RODOV
6050,"Avançar o sinal vermelho do semáforo, exc houver sinaliz perm livre conv àdireita - fisc eletrônica",208,Condutor,Gravíssima,MUNICIPAL/RODOV
6068,Transpor bloqueio viário com ou semsinalização ou dispositivos auxiliares,209,Condutor,Grave,ESTAD/MUNIC/RODOV
6068,Deixar de adentrar às áreas destinadas à pesagem de veículos,209,Condutor,Grave,ESTAD/MUNIC/RODOV
7730,Evadir-se da cobrança pelo uso de rodovias e vias urbanas para nãoefetuar seu pagamento,209-A,Condutor,Grave,ESTAD/MUNIC/RODOV
7730,"Deixar de efetuar pagamento, pelo uso de rodovias e vias urbanas, na formaestabelecida",209-A,Condutor,Grave,ESTAD/MUNIC/RODOV
6076,Transpor bloqueio viário policial,210,Condutor,Gravíssima,ESTAD/MUNIC/RODOV
6084,"Ultrapassar veículos motorizados emfila, parados em razão de sinal luminoso",211,Condutor,Grave,ESTAD/MUNIC/RODOV
6084,"Ultrapassar veículos motorizados emfila, parados em razão de cancela",211,Condutor,Grave,ESTAD/MUNIC/RODOV
6084,Ultrapassar veíc motorizados em fila parados em razão de bloqueio viárioparcial,211,Condutor,Grave,ESTAD/MUNIC/RODOV
6084,"Ultrapassar veículos motorizados emfila, parados em razão de qualquer obstáculo",211,Condutor,Grave,ESTAD/MUNIC/RODOV
6092,Deixar de parar o veículo antes detranspor linha férrea,212,Condutor,Gravíssima,MUNICIPAL/RODOV
6106,Deixar de parar sempre que a marchafor interceptada por agrupamento de pessoas,"213, 1",Condutor,Gravíssima,MUNICIPAL/RODOV
6114,Deixar de parar sempre que a marcha for interceptada por agrupamento deveículos,"213, li",Condutor,Grave,MUNICIPAL/RODOV
6122,Deixar de dar preferência apedestre/veic fi motorizado na faixa a ele destinada,"214, 1",Condutor,Gravíssima,MUNICIPAL/RODOV
6130,Deixar de dar preferência a pedestre/veic fi mot que fi hajaconcluído a travessia,"214, li",Condutor,Gravíssima,MUNICIPAL/RODOV
6149,Deixar de dar preferência a pedestre port deficiênciafís/criança/idoso/gestante,"214, Ili",Condutor,Gravíssima,MUNICIPAL/RODOV
6157,Deixar de dar preferência a pedestre/veic fi mot qdo iniciada travessia s/sinaliz,"214, IV",Condutor,Grave,MUNICIPAL/RODOV
6165,Deixar de dar preferência a pedestre/veic não mot atravessando avia transversal,"214,V",Condutor,Grave,MUNICIPAL/RODOV
6173,"Deixar de dar preferência em interseçãofi sinaliz, a veíc circulando por rodovia","215, 1, a",Condutor,Grave,MUNICIPAL/RODOV
6173,"Deixar de dar preferência em interseção fi sinaliz, veíc circulando por rotatória","215, 1, a",Condutor,Grave,MUNICIPAL/RODOV
6173,"Deixar de dar preferem interseção não sinalizada, a veículo que vier da direita","215, 1, b",Condutor,Grave,MUNICIPAL/RODOV
7404,É proib ao pedestre atravessar via áreacruzamento exc onde permitido p/ sinaliz,"254, Ili",Pedestre,Leve,MUNICIPAL/RODOV
7412,É proib pedestre utilizar via em agrupam que perturbe trâns/prátesporte/desfile,"254, IV",Pedestre,Leve,MUNICIPAL/RODOV
7420,É proibido ao pedestre andar fora dafaixa própria,"254,V",Pedestre,Leve,MUNICIPAL/RODOV
7420,É proibido ao pedestre andar fora dapassarela,"254,V",Pedestre,Leve,MUNICIPAL/RODOV
7420,É proibido ao pedestre andar fora dapassagem aérea,"254,V",Pedestre,Leve,MUNICIPAL/RODOV
7420,É proibido ao pedestre andar fora dapassagem subterrânea,"254,V",Pedestre,Leve,MUNICIPAL/RODOV
7439,É proibido ao pedestre desobedecer asinalização de trânsito específica,"254, VI",Pedestre,Leve,MUNICIPAL/RODOV
7447,Conduzir bicicleta em passeios ondenão seja permitida a circulação desta,255,Condutor,Média,MUNICIPAL/RODOV
7447,Conduzir bicicleta de forma agressiva,255,Condutor,Média,MUNICIPAL/RODOV
5002,"Multa, por não identificação docondutor infrator, imposta à pessoa jurídica","257, § 8º",Proprietário,Sem categoria,ESTAD/MUNIC/RODOV
7765,Fugir o condutor à ação policial,"278,§único c/c 210",Condutor,Gravíssima,ESTAD/MUNIC/RODOV
7544,Falta de escrituração livro registro entrada/saída e de uso placa deexperiência,"330, § 5º",PF ou PJ,Gravíssima,ESTADUAL
7544,Atraso escrituração livro registroentrada/saída e de uso placa de experiência,"330, § 5º",PF ou PJ,Gravíssima,ESTADUAL
7544,Fraude escrituração livro registro entrada/saída e de uso placa deexperiência,"330, § 5º",PF ou PJ,Gravíssima,ESTADUAL
7544,Recusa da exibição do livro registro entrada/saída e de uso placa deexperiência,"330, § 5º",PF ou PJ,Gravíssima,ESTADUAL
5169,Dirigir sob a influência de qquersubstância psicoativa que deter. dependência,165,Condutor,Gravíssima,ESTADUAL/RODOV
7579,"Rec sub test, ex clín, períc ou proc qperm cert infl álc/sub psic for art. 277",165-A,Condutor,Gravíssima,ESTADUAL/RODOV
7641,"Cond veíc exig hab C, D ou E semrealizar ex toxic prev no§ 2º do art 148-A, após 30 dias do venc",165-B,Condutor,Gravíssima,ESTADUAL/RODOV
7650,"Exerc at rem veíc e não compra real ex toxic per ex p § 2º do art 148-A por ocren hab C, D ou E","165-B, §único",Condutor,Gravíssima,ESTADUAL
5177,Confiar/entregar veíc pess c/ estadofísico/psíquicos/ condições dirigir segur,166,Proprietário,Gravíssima,ESTADUAL/RODOV
5185,Deixar o condutor de usar o cinto segurança,167,Condutor,Grave,ESTAD/MUNIC/RODOV
5185,Deixar o passageiro de usar o cintosegurança,167,Condutor,Grave,ESTAD/MUNIC/RODOV
5193,Transportar criança sem observância das normas de segurança estabelecidasp/CTB,168,Condutor,Gravíssima,ESTAD/MUNIC/RODOV
5207,Dirigir sem atenção ou sem os cuidadosindispensáveis à segurança,169,Condutor,Leve,ESTAD/MUNIC/RODOV
5215,Dirigir ameaçando os pedestres queestejam atravessando a via pública,170,Condutor,Gravíssima,ESTAD/MUNIC/RODOV
5215,Dirigir ameaçando os demais veículos,170,Condutor,Gravíssima,ESTAD/MUNIC/RODOV
5223,Usar veículo para arremessar sobre ospedestres água ou detritos,171,Condutor,Média,MUNICIPAL/RODOV
5223,Usar veículo para arremessar sobre osveículos água ou detritos,171,Condutor,Média,MUNICIPAL/RODOV
5231,Atirar do veículo objetos ou substâncias,172,Condutor,Média,MUNICIPAL/RODOV
5231,Abandonar na via objetos ousubstâncias,172,Condutor,Média,MUNICIPAL/RODOV
5240,Disputar corrida,173,Condutor,Gravíssima,ESTAD/MUNIC/RODOV
5258,Promover na via competição sempermissão,174,PF ou PJ,Gravíssima,MUNICIPAL/RODOV
5258,Promover na via eventos organizadossem permissão,174,PF ou PJ,Gravíssima,MUNICIPAL/RODOV
5258,Promover na via exibição edemonstração de perícia em manobra de veículo s/perm,174,PF ou PJ,Gravíssima,MUNICIPAL/RODOV
5266,Participar na via como condutor emcompetição sem permissão,174,Condutor,Gravíssima,MUNICIPAL/RODOV
5266,Participar na via como condutor emeventos organizados sem permissão,174,Condutor,Gravíssima,MUNICIPAL/RODOV
5266,Participar como condutor exib/demonstperícia em manobra de veíc s/ permissão,174,Condutor,Gravíssima,MUNICIPAL/RODOV
5274,Utiliz veíc demonst/exibir manobraperigosa mediante arrancada brusca,175,Condutor,Gravíssima,ESTADUAL/RODOV
5274,Utiliz veíc dem/exibir manob perig medderrap/frenag c/desliz/arrast pneus,175,Condutor,Gravíssima,ESTADUAL/RODOV
5282,"Deixar o cond envolvido em acidente, de prestar ou providenciar socorro à vítima","176, 1",Condutor,Gravíssima,ESTADUAL/RODOV
5290,"Deixar o cond envolvido em acid, de adotar provid p/ evitar perigo p/otrânsito","176, li",Condutor,Gravíssima,ESTADUAL/RODOV
5070,Entregar veículo a pessoa comCNH/PPD/ACC cassada,"163 c/c162, li",Proprietário,Gravíssima,ESTADUAL/RODOV
5070,Entregar veículo a pessoa comCNH/PPD/ACC com susp. do direito de dirigir,"163 c/c162, li",Proprietário,Gravíssima,ESTADUAL/RODOV
5088,Entregar veículo a pessoa com CNH decategoria diferente da do veículo,"163 c/c162, Ili",Proprietário,Gravíssima,ESTADUAL/RODOV
5088,Entregar veículo a pessoa com PPD decategoria diferente da do veículo,"163 c/c162, Ili",Proprietário,Gravíssima,ESTADUAL/RODOV
5096,Entregar veículo a pessoa com CNH/PPD vencida há mais de 30 dias,"163 c/c 162,V",Proprietário,Gravíssima,ESTADUAL/RODOV
5100,Entregar o veículo a pessoa sem usarlentes corretoras de visão,"163 c/c162, VI",Proprietário,Gravíssima,ESTADUAL/RODOV
5100,Entregar o veículo a pessoa sem usaraparelho auxiliar de audição,"163 c/c162, VI",Proprietário,Gravíssima,ESTADUAL/RODOV
5100,Entregar o veículo a pessoa semaparelho de prótese física,"163 c/c162, VI",Proprietário,Gravíssima,ESTADUAL/RODOV
5100,Entregar veíc pessoas/ adaptações impostas concessão/renovação licençaconduzir,"163 c/c162, VI",Proprietário,Gravíssima,ESTADUAL/RODOV
7773,Entregar veículo a pessoa sem possuircursos especializados obrigatórios,"163 c/c162, VII",Proprietário,Gravíssima,ESTADUAL/RODOV
7773,Entregar veículo a pessoa sem possuir cursos específicos obrigatórios,"163 c/c162, VII",Proprietário,Gravíssima,ESTADUAL/RODOV
5118,Permitir posse/condução do veículo apessoa sem CNH/PPD/ACC,"164 c/c162, 1",Proprietário,Gravíssima,ESTADUAL/RODOV
5126,Permitir posse/condução do veículo apessoa com CNH/PPD/ACC cassada,"164 c/c162, li",Proprietário,Gravíssima,ESTADUAL/RODOV
5126,Permitir posse/condução veíc pessoacom CNH/PPD/ACC c/ susp. direito de dirigir,"164 c/c162, li",Proprietário,Gravíssima,ESTADUAL/RODOV
5134,Permitir posse/condução veíc a pessoa com CNH categoria diferente da doveículo,"164 c/c162, Ili",Proprietário,Gravíssima,ESTADUAL/RODOV
5134,Permitir posse/condução veíc a pessoacom PPD categoria diferente da do,"164 c/c162, Ili",Proprietário,Gravíssima,ESTADUAL/RODOV
5142,Permitir posse/condução do veíc a pessoa com CNH/PPD vencida há maisde 30 dias,"164 c/c 162,V",Proprietário,Gravíssima,ESTADUAL/RODOV
5150,Permitir posse/condução do veículo a pessoa sem usar lentes corretoras devisão,"164 c/c162, VI",Proprietário,Gravíssima,ESTADUAL/RODOV
5150,Permitir posse/condução do veículo a pessoas/ usar aparelho auxiliar de audição,"164 c/c162, VI",Proprietário,Gravíssima,ESTADUAL/RODOV
5150,Permitir posse/condução do veículo apessoa sem usar aparelho de prótese física,"164 c/c162, VI",Proprietário,Gravíssima,ESTADUAL/RODOV
5150,Permitir posse/cond veíc s/ adaptaçõesimpostas concessão/renovação licença cond,"164 c/c162, VI",Proprietário,Gravíssima,ESTADUAL/RODOV
7781,Permitir posse e condução do veículo por pessoa sem possuir cursos especializados obrigatórios,"164 c/c162, VII",Proprietário,Gravíssima,ESTADUAL/RODOV
7781,Permitir posse e condução do veículopor pessoa sem possuir cursos específicos obrigatórios,"164 c/c162, VII",Proprietário,Gravíssima,ESTADUAL/RODOV
5169,Dirigir sob a influência de álcool,165,Condutor,Gravíssima,ESTADUAL/RODOV
7480,Aprovar proj edificação polo atrativotrânsitos/ anuência órgão/entid trânsito,"93 c/c 95, §4º",Serv público,Sem categoria,MUNICIPAL/RODOV
7480,Aprovar proj edificação polo atrativo trâns s/ estacion/indicação vias deacesso,"93 c/c 95, §4º",Serv público,Sem categoria,MUNICIPAL/RODOV
7498,Não sinalizar devida/imed obstáculo àcircul/segurança veíc/pedestre pista/calçada,94,Serv público,Sem categoria,MUNICIPAL/RODOV
7501,Utilizar ondulação transversal/sonorizador forapadrão/critério estab p/ Contran,"94, § único",Serv público,Sem categoria,MUNICIPAL/RODOV
7510,Iniciar obra perturbe/interrompacirculação/segurança veíc/pedestres s/permissão,95,PF ou PJ,Sem categoria,MUNICIPAL/RODOV
7510,Iniciar evento perturbe/interrompa circulaç/segurança veíc/pedestress/permissão,95,PF ou PJ,Sem categoria,MUNICIPAL/RODOV
7528,Não sinalizar a execução oumanutenção da obra,"95, § 1º",PF ou PJ,Sem categoria,MUNICIPAL/RODOV
7528,Não sinalizar a execução oumanutenção do evento,"95, § 1º",PF ou PJ,Sem categoria,MUNICIPAL/RODOV
7536,Não avisar comunidade com 48h antecinterdição via indicando caminho alternativo,"95, § 2º",Serv público,Sem categoria,MUNICIPAL/RODOV
5010,Dirigir veículo sem possuirCNH/PPD/ACC,"162, 1",Condutor,Gravíssima,ESTADUAL/RODOV
5029,Dirigir veículo com CNH/PPD/ACCcassada,"162, li",Condutor,Gravíssima,ESTADUAL/RODOV
5029,Dirigir veículo com CNH/PPD/ACC comsuspensão do direito de dirigir,"162, li",Condutor,Gravíssima,ESTADUAL/RODOV
5037,Dirigir veículo com CNH de categoriadiferente da do veículo,"162, Ili",Condutor,Gravíssima,ESTADUAL/RODOV
5037,Dirigir veículo com PPD de categoriadiferente da do veículo,"162, Ili",Condutor,Gravíssima,ESTADUAL/RODOV
5045,Dirigir veículo com validade deCNH/PPD vencida há mais de 30 dias,"162,V",Condutor,Gravíssima,ESTADUAL/RODOV
5053,Dirigir veículo sem usar lentescorretoras de visão,"162, VI",Condutor,Gravíssima,ESTADUAL/RODOV
5053,Dirigir veículo sem usar aparelhoauxiliar de audição,"162, VI",Condutor,Gravíssima,ESTADUAL/RODOV
5053,Dirigir veículo sem usar aparelho auxiliar de prótese física,"162, VI",Condutor,Gravíssima,ESTADUAL/RODOV
5053,Dirigir veículo sem adaptações impostas na concessão/renovação licença conduzir,"162, VI",Condutor,Gravíssima,ESTADUAL/RODOV
7749,Dirigir veículo sem possuir cursosespecializados obrigatórios,"162, VII",Condutor,Gravíssima,ESTADUAL/RODOV
7749,Dirigir veículo sem possuir cursosespecíficos obrigatórios,"162, VII",Condutor,Gravíssima,ESTADUAL/RODOV
5061,Entregar veículo a pessoa semCNH/PPD/ACC,"163c/c 162, 1",Proprietário,Gravíssima,ESTADUAL/RODOV
7757,"Em movimento, deixar veículo detransporte púb. coletivo passageiros de manter a porta fechada","250, IV",Condutor,Gravíssima,MUNICIPAL/RODOV
7757,"Em movimento, deixar o veículo deescolares de manter a porta fechada","250, IV",Condutor,Gravíssima,MUNICIPAL/RODOV
7293,"Utilizar o pisca-alerta, exceto emimobilizações ou situações de emergência","251, 1",Condutor,Média,MUNICIPAL/RODOV
7307,"Utilizar luz alta e baixa intermitente, exceto quando permitido pelo CTB","251, li",Condutor,Média,MUNICIPAL/RODOV
7315,Dirigir o veículo com o braço do lado defora,"252, 1",Condutor,Média,MUNICIPAL/RODOV
7323,Dirigir o veículo transport pessoas à suaesquerda ou entre os braços e pernas,"252, li",Condutor,Média,ESTADUAL/RODOV
7323,Dirigir o veículo transport animais à suaesquerda ou entre os braços e pernas,"252, li",Condutor,Média,ESTADUAL/RODOV
7323,Dirigir o veículo transport volume à suaesquerda ou entre os braços e pernas,"252, li",Condutor,Média,ESTADUAL/RODOV
7331,Dirigir o veículo com incapacidade físicaou mental temporária,"252, Ili",Condutor,Média,ESTADUAL/RODOV
7340,Dirigir o veíc usando calçado que fi sefirme nos pés/comprometa utiliz pedais,"252, IV",Condutor,Média,ESTADUAL/RODOV
7358,"Dirigir o veículo com apenas uma dasmãos, exceto quando permitido pelo CTB","252,V",Condutor,Média,ESTADUAL/RODOV
7366,Dirigir o veículo utilizando-se de fones nos ouvidos conec a aparelhagemsonora,"252, VI",Condutor,Média,ESTAD/MUNIC/RODOV
7366,Dirigir veículo utilizando-se de telefonecelular,"252, VI",Condutor,Média,ESTAD/MUNIC/RODOV
7595,Dirigir veículo realizando cobrança detarifa com veículo em movimento,"252, VII",Condutor,Média,ESTAD/MUNIC/RODOV
7633,Dirigir veículo segurando telefone celular,"252,§único",Condutor,Gravíssima,ESTAD/MUNIC/RODOV
7633,Dirigir veículo manuseando telefonecelular,"252,§único",Condutor,Gravíssima,ESTAD/MUNIC/RODOV
7374,Bloquear a via com veículo,253,Condutor,Gravíssima,MUNICIPAL/RODOV
7617,"Usar qq veículo para, delib, interromper circulação na via sem aut do órgão",253-A,Condutor,Gravíssima,MUNICIPAL/RODOV
7617,"Usar qq veículo para, delib, restringircirculação na via sem aut do órgão",253-A,Condutor,Gravíssima,MUNICIPAL/RODOV
7617,"Usar qq veículo para, delib, perturbarcirculação na via sem aut do órgão",253-A,Condutor,Gravíssima,MUNICIPAL/RODOV
7609,Organizar a conduta prevista no caputdo art. 253-A,"253-A, § 1º",lºPFouPJ,Gravíssima,MUNICIPAL/RODOV
7382,"É proib ao pedestre permanecer/andarpista, exceto p/ cruzá-las onde permitido","254, 1",Pedestre,Leve,MUNICIPAL/RODOV
7390,É proibido ao pedestre cruzar pista de rolamento de viaduto exc ondepermitido,"254, li",Pedestre,Leve,MUNICIPAL/RODOV
7390,É proibido ao pedestre cruzar pista de rolamento de ponte exceto ondepermitido,"254, li",Pedestre,Leve,MUNICIPAL/RODOV
7390,É proibido ao pedestre cruzar pista derolamento de túneis exceto onde permitido,"254, li",Pedestre,Leve,MUNICIPAL/RODOV
7048,"Conduzir motocicleta, motoneta eciclomotor transportando passageiros/ capacete","244, li",Condutor,Gravíssima,MUNICIPAL/RODOV
7048,Conduzir motocicleta/motoneta/ciclomotortransportando pas. fora do assento,"244, li",Condutor,Gravíssima,MUNICIPAL/RODOV
7056,Conduzir motoc/moton/ciclomotorfazendo malabarismo/equilibrando-se em uma roda,"244, Ili",Condutor,Gravíssima,MUNICIPAL/RODOV
7056,Conduzir ciclo fazendo malabarismo ouequilibrando-se em uma roda,"244, Ili c/c§ 1º",Condutor,Média,MUNICIPAL/RODOV
7072,Conduzir motocicleta/motoneta/ciclomotor transportando criança menor de 10anos de idade,"244,V",Condutor,Gravíssima,MUNICIPAL/RODOV
7072,Conduzir motoc/moton/ciclom transpcriança s/ condição cuidar própria segurança,"244,V",Condutor,Gravíssima,MUNICIPAL/RODOV
7080,"Conduzir motocicleta, motoneta eciclomotor rebocando outro veículo","244, VI",Condutor,Grave,MUNICIPAL/RODOV
7099,Conduzirmotocicleta/motoneta/ciclomotor sem segurar o guidom com ambas as mãos,"244, VII",Condutor,Grave,MUNICIPAL/RODOV
7099,Conduzir ciclo sem segurar o guidom com ambas as mãos,"244, VII c/c§ 1º",Condutor,Média,MUNICIPAL/RODOV
7102,"Conduzir motocicleta, motoneta e ciclomotor transportando carga incompatível","244, VIII",Condutor,Grave,MUNICIPAL/RODOV
7102,Conduzir ciclo transportando cargaincompatível,"244, VIII c/c§1º",Condutor,Média,MUNICIPAL/RODOV
7102,Conduzir motoc/moton/ transportandocarga em desacordo c/ § 2º do Art 139-ACTB,"244, VIII",Condutor,Grave,MUNICIPAL/RODOV
7552,Conduzir motoc/moton/ efetuando transp remun mercadoria desac c/ art 139-A CTB,"244, IX",Condutor,Grave,ESTAD/MUNIC/RODOV
7552,Conduzir motoc/moton/ efet transpremun desac normas ativid profic mototaxistas,"244, IX",Condutor,Grave,ESTAD/MUNIC/RODOV
7684,Conduzir motoc/ moton/ ciclom c/ utilização de capacete de seguranças/viseira/óculos de proteção,"244,X",Condutor,Média,ESTAD/MUNIC/RODOV
7684,Conduzir motoc/ moton/ ciclom c/ útilcapacete de seg c/ viseira/ óculos prot em des c/ regul Contran,"244,X",Condutor,Média,ESTAD/MUNIC/RODOV
7714,Conduzir motoc/ moton/ ciclom transp pass c/ capacete de seguranças/ viseira/óculos de proteção,"244, XI",Condutor,Média,ESTAD/MUNIC/RODOV
7714,Conduzir motoc/ moton/ ciclom transp pass c/ cap seg c/ viseira/ óculos protem des c/ regul Contran,"244, XI",Condutor,Média,ESTAD/MUNIC/RODOV
7110,Conduzir ciclo transportando passageirofora da garupa/assento a ele destinado,"244, § 1º, a",Condutor,Média,MUNICIPAL/RODOV
7129,Conduzir ciclo via de trâns rápido ou rodovia salvo se houver acostam/fxprópria,"244, § 1º, b",Condutor,Média,MUNICIPAL/RODOV
7137,Conduzir ciclo transportando crianças/condição de cuidar própria segurança,"244, § 1º, c",Condutor,Média,MUNICIPAL/RODOV
7129,Conduzir ciclomotor em via de trânsitorápido,"244, § 2º",Condutor,Média,MUNICIPAL/RODOV
7129,Conduzir ciclomotor em rodovia salvose houver acostamento ou faixa própria,"244, § 2º",Condutor,Média,MUNICIPAL/RODOV
7145,"Utilizar a via para depósito de mercadorias, materiais ouequipamentos",245,PF ou PJ,Grave,MUNICIPAL/RODOV
7153,Deixar de sinalizar obstáculo àcirculação/segurança caIçada/pista-s/agravamento,246,PF ou PJ,Gravíssima,MUNICIPAL/RODOV
7153,Obstaculizar a via indevidamente-s/agravamento,246,PF ou PJ,Gravíssima,MUNICIPAL/RODOV
7161,Deixar de sinalizar obstáculo circulação/segurança caIçada/pista-agravamento 2X,246,PF ou PJ,Gravíssima,MUNICIPAL/RODOV
7161,Obstaculizar a via indevidamente-agravamento 2X,246,PF ou PJ,Gravíssima,MUNICIPAL/RODOV
7170,Deixar de sinalizar obstáculo circulação/segurança caIçada/pista-agravamento 3X,246,PF ou PJ,Gravíssima,MUNICIPAL/RODOV
7170,Obstaculizar a via indevidamente-agravamento 3X,246,PF ou PJ,Gravíssima,MUNICIPAL/RODOV
7188,Deixar de sinalizar obstáculocirculação/segurança caIçada/pista-agravamento 4X,246,PF ou PJ,Gravíssima,MUNICIPAL/RODOV
7188,Obstaculizar a via indevidamente-agravamento 4X,246,PF ou PJ,Gravíssima,MUNICIPAL/RODOV
7196,Deixar de sinalizar obstáculo circulação/segurança caIçada/pista-agravamento 5X,246,PF ou PJ,Gravíssima,MUNICIPAL/RODOV
7196,Obstaculizar a via indevidamente-agravamento 5X,246,PF ou PJ,Gravíssima,MUNICIPAL/RODOV
7200,Deixar de conduzir pelo bordo pista emfila única veíc tração/propulsão humana,247,Condutor,Média,MUNICIPAL/RODOV
7200,Deixar de conduzir pelo bordo da pistaem fila única veículo de tração animal,247,Condutor,Média,MUNICIPAL/RODOV
7218,Transportar em veíc destinado transppassageiros carga excedente desac art.109,248,Condutor,Grave,ESTADUAL/RODOV
7226,Deixar de manter acesas à noite as luzes posição qdo o veículo estiver parado,249,Condutor,Média,MUNICIPAL/RODOV
7226,Deixar de manter acesas à noite as luzesde posição veic fazendo carga/descarga,249,Condutor,Média,MUNICIPAL/RODOV
7234,"Em movimento, deixar de manter acesa a luz baixa durante à noite","250, 1, a",Condutor,Média,MUNICIPAL/RODOV
7242,"Em movimento de dia, deixar de manter acesa luz baixa em túneis","250, 1, b",Condutor,Média,MUNICIPAL/RODOV
7242,"Em movimento de dia, deixar de manter acesa luz baixa sob chuva, neblina oucerração","250, 1, b",Condutor,Média,MUNICIPAL/RODOV
7250,"Em mov de dia, deixar de manter acesa luz baixa veíc transp coletivo faixas/pistas destinadas","250, 1, c",Condutor,Média,MUNICIPAL/RODOV
7269,"Em movimento de dia, deixar de manteracesa luz baixa de motocicletas/motonetas/ciclomotores","250, 1, d",Condutor,Média,MUNICIPAL/RODOV
7722,"Em mov deix de man aces luz baixa de dia, em rod pis simp sit fora per urb,veíc desp luz rod diur","250, 1, e",Condutor,Média,RODOVIÁRIO
7285,"Em movimento, deixar de manter aplaca traseira iluminada à noite","250, Ili",Condutor,Média,ESTADUAL/RODOV
5657,Parar na contramão de direção,"182, IX",Condutor,Média,MUNICIPAL/RODOV
5665,Parar em local/horário proibidosespecificamente pela sinalização,"182,X",Condutor,Média,MUNICIPAL/RODOV
7670,Parar o veículo sobre ciclovia ouciclofaixa,"182, XI",Condutor,Grave,MUNICIPAL/RODOV
5673,Parar sobre faixa de pedestres na mudança de sinal luminoso,183,Condutor,Média,MUNICIPAL/RODOV
5673,Parar sobre faixa de pedestres na mudança de sinal luminoso (fisceletrônica),183,Condutor,Média,MUNICIPAL/RODOV
5681,Transitar na faixa/pista da direita regulcirculação exclusiva determ veículo,"184, 1",Condutor,Leve,MUNICIPAL/RODOV
5690,Transitar na faixa/pista da esquerda regul circulação exclusiva determveículo,"184, li",Condutor,Grave,MUNICIPAL/RODOV
7587,Transitar na faixa ou via exclusiva regulam. p/ transp. públ. coletivopassag.,"184, Ili",Condutor,Gravíssima,MUNICIPAL/RODOV
5703,Deixar de conservar o veículo na faixa aele destinada pela sinalização de regul,"185, 1",Condutor,Média,MUNICIPAL/RODOV
5711,Deixar de conservar nas faixas da direitao veículo lento e de maior porte,"185, li",Condutor,Média,MUNICIPAL/RODOV
5720,Transitar pela contramão de direção emvia com duplo sentido de circulação,"186, 1",Condutor,Grave,MUNICIPAL/RODOV
5738,Transitar pela contramão de direção emvia c/ sinalização de regul sentido único,"186, li",Condutor,Gravíssima,MUNICIPAL/RODOV
5746,Transitar em local/horário não permitido pela regul estabelecida p/autoridade,"187, 1",Condutor,Média,MUNICIPAL/RODOV
5746,Transitar em local/horário nãopermitido pela regulamentação - rodízio,"187, 1",Condutor,Média,MUNICIPAL/RODOV
5746,Transitar em local/horário não permitido pela regulamentação - caminhão,"187, 1",Condutor,Média,MUNICIPAL/RODOV
5762,"Transitar ao lado de outro veículo, interrompendo ou perturbando otrânsito",188,Condutor,Média,MUNICIPAL/RODOV
5770,Deixar de dar passagem a veíc precedido de batedores devidamenteidentificados,189,Condutor,Gravíssima,ESTAD/MUNIC/RODOV
5770,Deixar de dar passagem a veíc socorroincêndio/salv serv urgência devid identif,189,Condutor,Gravíssima,ESTAD/MUNIC/RODOV
5770,Deixar de dar passagem a veíc de polícia em serviço de urgência devid identif,189,Condutor,Gravíssima,ESTAD/MUNIC/RODOV
5770,Deixar de dar passagem a veíc de operação e fiscalização de trânsitodevid ident,189,Condutor,Gravíssima,ESTAD/MUNIC/RODOV
5770,Deixar de dar passagem a ambulância em serviço de urgência devid identificada,189,Condutor,Gravíssima,ESTAD/MUNIC/RODOV
5789,Seguir veículo em serv urgência devididentific p/ alarme sonoro/ilum vermelha,190,Condutor,Grave,MUNICIPAL/RODOV
5797,Forçar passagem entre veícs tra ns sent opostos na iminência realizultrapassagem,191,Condutor,Gravíssima,MUNICIPAL/RODOV
5800,Deixar guardar dist segurança lat/frontentre seu veíc e demais e ao bordo pista,192,Condutor,Grave,MUNICIPAL/RODOV
5819,"Transitar com o veículo em calçadas,passeios",193,Condutor,Gravíssima,MUNICIPAL/RODOV
5819,"Transitar com o veículo em ciclovias,ciclofaixas",193,Condutor,Gravíssima,MUNICIPAL/RODOV
5819,"Transitar com o veículo emajardinamentos, gramados, jardins públicos",193,Condutor,Gravíssima,MUNICIPAL/RODOV
5819,Transitar com o veículo em canteiros centrais/divisores de pista derolamento,193,Condutor,Gravíssima,MUNICIPAL/RODOV
5819,"Transitar com o veículo em ilhas, refúgios",193,Condutor,Gravíssima,MUNICIPAL/RODOV
5819,Transitar com o veículo em marcas decanalização,193,Condutor,Gravíssima,MUNICIPAL/RODOV
5819,Transitar com o veículo em acostamentos,193,Condutor,Gravíssima,MUNICIPAL/RODOV
5819,Transitar com o veículo em passarelas,193,Condutor,Gravíssima,MUNICIPAL/RODOV
5827,"Transitar em marcha ré, salvo na distância necessária a pequenasmanobras",194,Condutor,Grave,MUNICIPAL/RODOV
5835,Desobedecer às ordens emanadas da autorid compet de trânsito ou de seusagentes,195,Condutor,Grave,ESTAD/MUNIC/RODOV
5843,"Deixar de indicar e/ antec, med gesto debraço/luz indicadora, início da marcha",196,Condutor,Grave,ESTAD/MUNIC/RODOV
5843,"Deixar de indicar e/ antec, med gesto debraço/luz indicadora, manobra de parar",196,Condutor,Grave,ESTAD/MUNIC/RODOV
5843,"Deixar de indicar e/ antec, med gesto debraço/luz indicadora, mudança direção",196,Condutor,Grave,ESTAD/MUNIC/RODOV
5843,"Deixar de indicar e/ antec, med gesto de braço/luz indicadora, mudança de faixa",196,Condutor,Grave,ESTAD/MUNIC/RODOV
5851,Deixar de deslocar e/antecedência veíc p/ faixa mais à esquerda qdo formanobrar,197,Condutor,Média,MUNICIPAL/RODOV
5851,Deixar de deslocar e/antecedência veícp/ faixa mais à direita qdo for manobrar,197,Condutor,Média,MUNICIPAL/RODOV
5860,Deixar de dar passagem pela esquerda quando solicitado,198,Condutor,Média,MUNICIPAL/RODOV
5878,"Ultrapassar pela direita, salvo qdo veíc da frente der sinal p/ entrar esquerda",199,Condutor,Média,MUNICIPAL/RODOV
5886,Ultrap pela direita veíc transpcolet/escolar parado para emb/desemb passageiros,200,Condutor,Gravíssima,MUNICIPAL/RODOV
5894,"Deixar de guardar a distância lateral de1,50 m ao passar/ultrapassar bicicleta",201,Condutor,Média,MUNICIPAL/RODOV
5908,Ultrapassar pelo acostamento,"202, 1",Condutor,Gravíssima,MUNICIPAL/RODOV
5916,Ultrapassar em interseções,"202, li",Condutor,Gravíssima,MUNICIPAL/RODOV
5916,Ultrapassar em passagem de nível,"202, li",Condutor,Gravíssima,MUNICIPAL/RODOV
5924,Ultrapassar pela contramão nas curvas sem visibilidade suficiente,"203, 1",Condutor,Gravíssima,MUNICIPAL/RODOV
5924,"Ultrapassar pela contramão nos aclives ou declives, sem visibilidade suficiente","203, 1",Condutor,Gravíssima,MUNICIPAL/RODOV
5932,Ultrapassar pela contramão nas faixasde pedestre,"203,11",Condutor,Gravíssima,MUNICIPAL/RODOV
5940,Ultrapassar pela contramão nas pontes,"203, Ili",Condutor,Gravíssima,MUNICIPAL/RODOV
5509,Estacionar no ponto deembarque/desembarque de passageiros transporte coletivo,"181, XIII",Condutor,Média,MUNICIPAL/RODOV
5517,Estacionar nos viadutos,"181, XIV",Condutor,Grave,MUNICIPAL/RODOV
5517,Estacionar nas pontes,"181, XIV",Condutor,Grave,MUNICIPAL/RODOV
5517,Estacionar nos túneis,"181, XIV",Condutor,Grave,MUNICIPAL/RODOV
5525,Estacionar na contramão de direção,"181,XV",Condutor,Média,MUNICIPAL/RODOV
5533,"Estacionar aclive/declive fí freado e semcalço segurança, PBT superior a 3500 kg","181, XVI",Condutor,Grave,MUNICIPAL/RODOV
5541,Estacionar em desacordo com a regulamentação especificada pela sinalização,"181,XVII",Condutor,Grave,MUNICIPAL/RODOV
5541,Estacionar em desacordo com aregulamentação - estacionamento rotativo,"181,XVII",Condutor,Grave,MUNICIPAL/RODOV
5541,Estacionar em desacordo com a regulamentação - ponto ou vaga de táxi,"181,XVII",Condutor,Grave,MUNICIPAL/RODOV
5541,Estacionar em desacordo com a regulamentação - vaga decarga/descarga,"181,XVII",Condutor,Grave,MUNICIPAL/RODOV
5541,Estacionar em desacordo com a regulamentação - vaga de curtaduração,"181,XVII",Condutor,Grave,MUNICIPAL/RODOV
5550,Estacionar em local/horário proibidoespecificamente pela sinalização,"181, XVIII",Condutor,Média,MUNICIPAL/RODOV
5568,Estacionar local/horário deestacionamento e parada proibidos pela sinalização,"181, XIX",Condutor,Grave,MUNICIPAL/RODOV
7625,"Estacionar nas vagas reserv às pess c/deficiência, s/ credencial","181,XX",Condutor,Gravíssima,MUNICIPAL/RODOV
7625,"Estacionar nas vagas reserva idosos, s/credencial","181,XX",Condutor,Gravíssima,MUNICIPAL/RODOV
5576,Parar nas esquinas e a menos 5 m do bordo do alinhamento da viatransversal,"182, 1",Condutor,Média,MUNICIPAL/RODOV
5584,Parar afastado da guia da calçada (meio-fio) de 50 cm a 1 m,"182, li",Condutor,Leve,MUNICIPAL/RODOV
5592,Parar afastado da guia da calçada (meio-fio) a mais de 1 m,"182, Ili",Condutor,Média,MUNICIPAL/RODOV
5606,Parar em desacordo com as posiçõesestabelecidas no CTB,"182, IV",Condutor,Leve,MUNICIPAL/RODOV
5614,Parar na pista de rolamento dasestradas,"182,V",Condutor,Grave,MUNICIPAL/RODOV
5614,Parar na pista de rolamento dasrodovias,"182,V",Condutor,Grave,MUNICIPAL/RODOV
5614,Parar na pista de rolamento das vias detrânsito rápido,"182,V",Condutor,Grave,MUNICIPAL/RODOV
5614,Parar na pista de rolamento das demaisvias dotadas de acostamento,"182,V",Condutor,Grave,MUNICIPAL/RODOV
5622,Parar no passeio,"182, VI",Condutor,Leve,MUNICIPAL/RODOV
5622,Parar sobre faixa destinada a pedestres,"182, VI",Condutor,Leve,MUNICIPAL/RODOV
5622,Parar nas ilhas ou refúgios,"182, VI",Condutor,Leve,MUNICIPAL/RODOV
5622,Parar nos canteiros centrais/divisoresde pista de rolamento,"182, VI",Condutor,Leve,MUNICIPAL/RODOV
5622,Parar nas marcas de canalização,"182, VI",Condutor,Leve,MUNICIPAL/RODOV
5630,Parar na área de cruzamento de vias,"182, VII",Condutor,Média,MUNICIPAL/RODOV
5649,Parar nos viadutos,"182, VIII",Condutor,Média,MUNICIPAL/RODOV
5649,Parar nas pontes,"182, VIII",Condutor,Média,MUNICIPAL/RODOV
5649,Parar nos túneis,"182, VIII",Condutor,Média,MUNICIPAL/RODOV
5304,"Deixar o cond envolvido em acidente, de preservar local p/trabpolícia/perícia","176, Ili",Condutor,Gravíssima,ESTADUAL/RODOV
5312,"Deixar o cond envolvido em acid, deremover o veíc local qdo determ polic/agente","176, IV",Condutor,Gravíssima,ESTADUAL/RODOV
5320,"Deixar o cond envolvido em acid, de identificar-se policial e prestar inf p/o80","176,V",Condutor,Gravíssima,ESTADUAL/RODOV
5339,"Deixar o cond de prestar socorro vítimaacid de trânsito, qdo solicit p/ agente",177,Condutor,Grave,ESTAD/MUNIC/RODOV
5347,"Deixar o condutor envolvido emacidentes/ vítima, de remover o veículo do local",178,Condutor,Média,MUNICIPAL/RODOV
5355,"Fazer ou deixar que se faça reparo em veíc, em rodovia e via de trânsitorápido","179, 1",Condutor,Grave,MUNICIPAL/RODOV
5363,Fazer/deixar que se faça reparo em veíc nas vias (q não rodovia/transito rapido),"179, li",Condutor,Leve,MUNICIPAL/RODOV
5371,Ter seu veículo imobilizado na via porfalta de combustível,180,Condutor,Média,MUNICIPAL/RODOV
5380,Estacionar nas esquinas e a menos de5m do alinhamento da via transversal,"181, 1",Condutor,Média,MUNICIPAL/RODOV
5398,Estacionar afastado da guia da calçada(meio-fio) de 50 cm a 1 m,"181, li",Condutor,Leve,MUNICIPAL/RODOV
5401,Estacionar afastado da guia da calçada (meio-fio) a mais de 1 m,"181, Ili",Condutor,Grave,MUNICIPAL/RODOV
5410,Estacionar em desacordo com as posições estabelecidas no CTB,"181, IV",Condutor,Média,MUNICIPAL/RODOV
5428,Estacionar na pista de rolamento dasestradas,"181,V",Condutor,Gravíssima,MUNICIPAL/RODOV
5428,Estacionar na pista de rolamento dasrodovias,"181,V",Condutor,Gravíssima,MUNICIPAL/RODOV
5428,Estacionar na pista de rolamento dasvias de trânsito rápido,"181,V",Condutor,Gravíssima,MUNICIPAL/RODOV
5428,Estacionar na pista de rolamento dasvias dotadas de acostamento,"181,V",Condutor,Gravíssima,MUNICIPAL/RODOV
5436,"Estacionar junto/sobre hidr de incêndio,reg de água/tampa de poço visit gal sub","181, VI",Condutor,Média,MUNICIPAL/RODOV
5444,Estacionar nos acostamentos,"181, VII",Condutor,Leve,MUNICIPAL/RODOV
5452,Estacionar no passeio,"181, VIII",Condutor,Grave,MUNICIPAL/RODOV
5452,Estacionar sobre faixa destinada apedestre,"181, VIII",Condutor,Grave,MUNICIPAL/RODOV
5452,Estacionar sobre ciclovia ou ciclofaixa,"181, VIII",Condutor,Grave,MUNICIPAL/RODOV
5452,Estacionar nas ilhas ou refúgios,"181, VIII",Condutor,Grave,MUNICIPAL/RODOV
5452,Estacionar ao lado ou sobre canteirocentral/divisores de pista de rolamento,"181, VIII",Condutor,Grave,MUNICIPAL/RODOV
5452,Estacionar ao lado ou sobre marcas de canalização,"181, VIII",Condutor,Grave,MUNICIPAL/RODOV
5452,Estacionar ao lado ou sobre gramado ou jardim público,"181, VIII",Condutor,Grave,MUNICIPAL/RODOV
5460,Estacionar em guia de calçada rebaixadadestinada à entrada/saída de veículos,"181, IX",Condutor,Média,MUNICIPAL/RODOV
5479,Estacionar impedindo a movimentaçãode outro veículo,"181,X",Condutor,Média,MUNICIPAL/RODOV
5487,Estacionar ao lado de outro veículo emfila dupla,"181, XI",Condutor,Grave,MUNICIPAL/RODOV
5495,Estacionar na área de cruzamento devias,"181, XII",Condutor,Grave,MUNICIPAL/RODOV
